Month_Number,Month_Name,Average_Weekly_Sales,Minimum_Weekly_Sales,Maximum_Weekly_Sales,Weeks_Observed
1,January,41574804.81125,39599852.99,44955421.95,8
2,February,47393990.87083334,43968571.13,50197056.96,12
3,March,45598915.48307692,42876199.18,47480454.11,13
4,April,46204270.355000004,43458991.19,53502315.87,14
5,May,46427130.99583334,44046598.01,48503243.52,12
6,June,47894606.68,45884094.58,50188543.12,13
7,July,46428641.23214286,43683274.28,51253021.88,14
8,August,47160785.29384616,45909740.44,48204999.12,13
9,September,44520090.71230769,41358514.41,48330059.31,13
10,October,44983445.199230775,42239875.87,47566639.31,13
11,November,51626965.62625,45125584.18,66593605.26,8
12,December,57683863.52,40432519.0,80931415.6,10
