Store,Type,Size,Total_Sales,Average_Sales_Per_Record,Departments,Weeks_Observed,Sales_Rank
20,A,203742,301397792.46,29508.30159193264,78,143,1
4,A,205863,299543953.38,29161.210414719626,78,143,2
14,A,200898,288999911.34,28784.85172709163,77,143,3
13,A,219622,286517703.8,27355.136891350012,79,143,4
2,A,202307,275382440.98,26898.070031256106,78,143,5
10,B,126512,271617713.89,26332.303818710614,77,143,6
27,A,204184,253855916.88,24826.98453594132,78,143,7
6,A,202505,223756130.64,21913.243623543236,77,143,8
1,A,151315,222402808.85,21710.543620655993,77,143,9
39,A,184109,207445542.47,21000.763562462038,75,143,10
19,A,203819,206634862.1,20362.126734331887,79,143,11
31,A,203750,199613905.5,19681.907464011045,76,143,12
23,B,114533,198750617.85,19776.180880597014,77,143,13
24,A,203819,194016021.28,18969.106499804457,77,143,14
11,A,207499,193962786.8,19276.762750944148,78,143,15
28,A,206302,189263680.58,18714.889803223574,77,143,16
41,A,196321,181341934.89,17976.004648096747,77,143,17
32,A,203007,166819246.16,16351.621854538325,77,143,18
18,B,120653,155114734.21,15733.313136220713,78,143,19
22,B,119557,147075648.57,15181.218886251032,76,143,20
12,B,112238,144287230.15,14867.308619268419,75,143,21
26,A,152513,143416393.79,14554.129672214329,76,143,22
34,A,158114,138249763.0,13522.08167057903,78,143,23
40,A,155083,137870309.79,13763.6328032345,77,143,24
35,B,103681,131520672.08,13803.59698572628,74,143,25
8,A,155078,129951181.13,13133.014768064679,76,143,26
17,B,93188,127782138.83,12954.3936364558,76,143,27
45,B,118221,112395341.42,11662.897314516966,74,143,28
21,B,140167,108117878.92,11283.435495721144,77,143,29
25,B,128107,101061179.17,10308.157810077519,77,143,30
43,C,41062,90565435.41,13415.114117908457,61,143,31
15,B,123737,89133683.92,9002.493073426927,79,143,32
7,B,70713,81598275.14,8358.76614833026,76,143,33
42,C,39690,79565752.43,11443.370117934706,62,143,34
9,B,125833,77789218.99,8772.890378933122,73,143,35
29,B,93638,77141554.31,8158.810609201481,77,143,36
16,B,57197,74252425.4,7863.224123689506,76,143,37
37,C,39910,74202740.32,10297.355026366915,62,143,38
30,C,42988,62716885.12,8764.237719396311,64,143,39
3,B,37392,57586735.07,6373.03398295706,72,143,40
38,C,39690,55159626.42,7492.478459657702,63,143,41
36,A,39910,53412214.97,8584.41256348441,63,143,42
5,B,34875,45475688.9,5053.4158128680965,72,143,43
44,C,39910,43293087.84,6038.929814479007,62,143,44
33,A,39690,37160221.96,5728.4140527208265,63,143,45
